Name,Type,Cat.,Power,Acc.,PP,Effect,Prob. (%)
10000000 Volt Thunderbolt,Electric,Special,195,Null,1,Pikachu-exclusive Z-Move. High critical hit ratio.,Null
Absorb,Grass,Special,20,100,25,User recovers half the HP inflicted on opponent.,Null
Accelerock,Rock,Physical,40,100,20,User attacks first.,Null
Acid,Poison,Special,40,100,30,May lower opponent's Special Defense.,10
Acid Armor,Poison,Status,Null,Null,20,Sharply raises user's Defense.,Null
Acid Downpour,Poison,Null,Null,Null,1,Poison type Z-Move.,Null
Acid Spray,Poison,Special,40,100,20,Sharply lowers opponent's Special Defense.,100
Acrobatics,Flying,Physical,55,100,15,Stronger when the user does not have a held item.,Null
Acupressure,Normal,Status,Null,Null,30,Sharply raises a random stat.,Null
Aerial Ace,Flying,Physical,60,Infinite,20,Ignores Accuracy and Evasiveness.,Null
Aeroblast,Flying,Special,100,95,5,High critical hit ratio.,Null
After You,Normal,Status,Null,Null,15,Gives target priority in the next turn.,Null
Agility,Psychic,Status,Null,Null,30,Sharply raises user's Speed.,Null
Air Cutter,Flying,Special,60,95,25,High critical hit ratio.,Null
Air Slash,Flying,Special,75,95,15,May cause flinching.,30
All-Out Pummeling,Fighting,Null,Null,Null,1,Fighting type Z-Move.,Null
Alluring Voice,Fairy,Special,80,100,10,,Null
Ally Switch,Psychic,Status,Null,Null,15,User switches with opposite teammate.,Null
Amnesia,Psychic,Status,Null,Null,20,Sharply raises user's Special Defense.,Null
Anchor Shot,Steel,Physical,80,100,20,The user entangles the target with its anchor chain while attacking. The target becomes unable to flee.,Null
Ancient Power,Rock,Special,60,100,5,May raise all user's stats at once.,10
Apple Acid,Grass,Special,80,100,10,Lowers target's Special Defense.,100
Aqua Cutter,Water,Physical,70,100,20,High critical hit ratio.,Null
Aqua Jet,Water,Physical,40,100,20,User attacks first.,Null
Aqua Ring,Water,Status,Null,Null,20,Restores a little HP each turn.,Null
Aqua Step,Water,Physical,80,100,10,Raises user's Speed.,100
Aqua Tail,Water,Physical,90,90,10,,Null
Arm Thrust,Fighting,Physical,15,100,20,Hits 2-5 times in one turn.,Null
Armor Cannon,Fire,Special,120,100,5,Lowers user's Defense and Special Defense.,Null
Aromatherapy,Grass,Status,Null,Null,5,Cures all status problems in your party.,Null
Aromatic Mist,Fairy,Status,Null,Null,20,Raises Special Defense of an ally.,Null
Assist,Normal,Status,Null,Null,20,User performs a move known by its allies at random.,Null
Assurance,Dark,Physical,60,100,10,Power doubles if opponent already took damage in the same turn.,Null
Astonish,Ghost,Physical,30,100,15,May cause flinching.,30
Astral Barrage,Ghost,Special,120,100,5,The user attacks by sending a frightful amount of small ghosts at opposing Pokémon.,Null
Attack Order,Bug,Physical,90,100,15,High critical hit ratio.,Null
Attract,Normal,Status,Null,100,15,"If opponent is the opposite gender, it's less likely to attack.",Null
Aura Sphere,Fighting,Special,80,Infinite,20,Ignores Accuracy and Evasiveness.,Null
Aura Wheel,Electric,Physical,110,100,10,Changes type based on Morpeko's Mode.,100
Aurora Beam,Ice,Special,65,100,20,May lower opponent's Attack.,10
Aurora Veil,Ice,Status,Null,Null,20,Halves damage from Physical and Special attacks for five turns.,Null
Autotomize,Steel,Status,Null,Null,15,Reduces weight and sharply raises Speed.,Null
Avalanche,Ice,Physical,60,100,10,Power doubles if user took damage first.,Null
Axe Kick,Fighting,Physical,120,90,10,"May confuse opponent. If it misses, the user loses HP.",Null
Baby-Doll Eyes,Fairy,Status,Null,100,30,Always goes first. Lowers the target's attack.,Null
Baddy Bad,Dark,Special,90,100,15,Reduces damage from Physical attacks.,Null
Baneful Bunker,Poison,Status,Null,Null,10,Protects the user and poisons opponent on contact.,Null
Barb Barrage,Poison,Physical,60,100,10,May poison opponent; inflicts double damage if the target is already poisoned.,Null
Barrage,Normal,Physical,15,85,20,Hits 2-5 times in one turn.,Null
Barrier,Psychic,Status,Null,Null,20,Sharply raises user's Defense.,Null
Baton Pass,Normal,Status,Null,Null,40,User switches out and gives stat changes to the incoming Pokémon.,Null
Beak Blast,Flying,Physical,100,100,15,"The user first heats up its beak, and then it attacks the target. Making direct contact with the Pokémon while it's heating up its beak results in a burn.",Null
Beat Up,Dark,Physical,Null,100,10,Each Pokémon in user's party attacks.,Null
Behemoth Bash,Steel,Physical,100,100,5,Damage doubles if target is Dynamaxed.,Null
Behemoth Blade,Steel,Physical,100,100,5,Damage doubles if target is Dynamaxed.,Null
Belch,Poison,Special,120,90,10,User must have consumed a Berry.,Null
Belly Drum,Normal,Status,Null,Null,10,"User loses 50% of its max HP, but Attack raises to maximum.",Null
Bestow,Normal,Status,Null,Null,15,Gives the user's held item to the target.,Null
Bide,Normal,Physical,Null,Null,10,User takes damage for two turns then strikes back double.,Null
Bind,Normal,Physical,15,85,20,"Traps opponent, damaging them for 4-5 turns.",100
Bite,Dark,Physical,60,100,25,May cause flinching.,30
Bitter Blade,Fire,Physical,90,100,10,User recovers half the HP inflicted on opponent.,Null
Bitter Malice,Ghost,Special,75,100,10,Lowers opponent's Attack.,Null
Black Hole Eclipse,Dark,Null,Null,Null,1,Dark type Z-Move.,Null
Blast Burn,Fire,Special,150,90,5,User must recharge next turn.,Null
Blaze Kick,Fire,Physical,85,90,10,High critical hit ratio. May burn opponent.,10
Blazing Torque,Fire,Physical,80,100,10,May burn the opponent.,Null
Bleakwind Storm,Flying,Special,100,80,10,May lower opponent's Speed.,Null
Blizzard,Ice,Special,110,70,5,May freeze opponent.,10
Block,Normal,Status,Null,Null,5,Opponent cannot flee or switch.,Null
Blood Moon,Normal,Special,140,100,5,Cannot be used twice in a row.,Null
Bloom Doom,Grass,Null,Null,Null,1,Grass type Z-Move.,Null
Blue Flare,Fire,Special,130,85,5,May burn opponent.,20
Body Press,Fighting,Physical,80,100,10,"The higher the user's Defense, the stronger the attack.",Null
Body Slam,Normal,Physical,85,100,15,May paralyze opponent.,30
Bolt Beak,Electric,Physical,85,100,10,"If the user attacks before the target, the power of this move is doubled.",Null
Bolt Strike,Electric,Physical,130,85,5,May paralyze opponent.,20
Bone Club,Ground,Physical,65,85,20,May cause flinching.,10
Bone Rush,Ground,Physical,25,90,10,Hits 2-5 times in one turn.,Null
Bonemerang,Ground,Physical,50,90,10,Hits twice in one turn.,Null
Boomburst,Normal,Special,140,100,10,Hits all adjacent Pokémon.,Null
Bounce,Flying,Physical,85,85,5,"Springs up on first turn, attacks on second. May paralyze opponent.",30
Bouncy Bubble,Water,Special,90,100,15,User recovers half the HP inflicted on opponent.,Null
Branch Poke,Grass,Physical,40,100,40,,Null
Brave Bird,Flying,Physical,120,100,15,User receives recoil damage.,Null
Breaking Swipe,Dragon,Physical,60,100,15,Hits multiple opponents and lowers their attack.,100
Breakneck Blitz,Normal,Null,Null,Null,1,Normal type Z-Move.,Null
Brick Break,Fighting,Physical,75,100,15,Breaks through Reflect and Light Screen barriers.,Null
Brine,Water,Special,65,100,10,Power doubles if opponent's HP is less than 50%.,Null
Brutal Swing,Dark,Physical,60,100,20,The user swings its body around violently to inflict damage on everything in its vicinity.,Null
Bubble,Water,Special,40,100,30,May lower opponent's Speed.,10
Bubble Beam,Water,Special,65,100,20,May lower opponent's Speed.,10
Bug Bite,Bug,Physical,60,100,20,Receives the effect from the opponent's held berry.,Null
Bug Buzz,Bug,Special,90,100,10,May lower opponent's Special Defense.,10
Bulk Up,Fighting,Status,Null,Null,20,Raises user's Attack and Defense.,Null
Bulldoze,Ground,Physical,60,100,20,Lowers opponent's Speed.,100
Bullet Punch,Steel,Physical,40,100,30,User attacks first.,Null
Bullet Seed,Grass,Physical,25,100,30,Hits 2-5 times in one turn.,Null
Burn Up,Fire,Special,130,100,5,"To inflict massive damage, the user burns itself out. After using this move, the user will no longer be Fire type.",Null
Burning Bulwark,Fire,Status,Null,Infinite,10,,Null
Burning Jealousy,Fire,Special,70,100,5,"Hits all opponents, and burns any that have had their stats boosted.",Null
Buzzy Buzz,Electric,Special,90,100,15,Paralyzes the opponent.,100
Calm Mind,Psychic,Status,Null,Null,20,Raises user's Special Attack and Special Defense.,Null
Camouflage,Normal,Status,Null,Null,20,Changes user's type according to the location.,Null
Captivate,Normal,Status,Null,100,20,Sharply lowers opponent's Special Attack if opposite gender.,Null
Catastropika,Electric,Physical,210,Null,1,Pikachu-exclusive Z-Move.,Null
Ceaseless Edge,Dark,Physical,65,90,15,Sets up Spikes.,Null
Celebrate,Normal,Status,Null,Null,40,The Pokémon congratulates you on your special day. No battle effect.,Null
Charge,Electric,Status,Null,Null,20,Raises user's Special Defense and next Electric move's power increases.,Null
Charge Beam,Electric,Special,50,90,10,May raise user's Special Attack.,70
Charm,Fairy,Status,Null,100,20,Sharply lowers opponent's Attack.,Null
Chatter,Flying,Special,65,100,20,Confuses opponent.,100
Chilling Water,Water,Special,50,100,20,Lowers opponent's Attack.,Null
Chilly Reception,Ice,Status,Null,Null,10,Switches out and summons a snowstorm lasting 5 turns.,Null
Chip Away,Normal,Physical,70,100,20,Ignores opponent's stat changes.,Null
Chloroblast,Grass,Special,150,95,5,User receives recoil damage.,Null
Circle Throw,Fighting,Physical,60,90,10,"In battles, the opponent switches. In the wild, the Pokémon runs.",Null
Clamp,Water,Physical,35,85,15,"Traps opponent, damaging them for 4-5 turns.",100
Clanging Scales,Dragon,Special,110,100,5,Lowers user's Defense.,100
Clangorous Soul,Dragon,Status,Null,100,5,Raises all user's stats but loses HP.,100
Clangorous Soulblaze,Dragon,Special,185,Null,1,Kommo-o exclusive Z-Move.,Null
Clear Smog,Poison,Special,50,Null,15,Removes all of the target's stat changes.,Null
Close Combat,Fighting,Physical,120,100,5,Lowers user's Defense and Special Defense.,100
Coaching,Fighting,Status,Null,Null,10,Boosts Attack and Defense of a teammate.,Null
Coil,Poison,Status,Null,Null,20,"Raises user's Attack, Defense and Accuracy.",Null
Collision Course,Fighting,Physical,100,100,5,Boosted even more if it's super-effective.,Null
Combat Torque,Fighting,Physical,100,100,10,May paralyze the opponent.,Null
Comet Punch,Normal,Physical,18,85,15,Hits 2-5 times in one turn.,Null
Comeuppance,Dark,Physical,Null,100,10,Deals more damage to the opponent that last inflicted damage on it.,Null
Confide,Normal,Status,Null,Null,20,Lowers opponent's Special Attack.,100
Confuse Ray,Ghost,Status,Null,100,10,Confuses opponent.,Null
Confusion,Psychic,Special,50,100,25,May confuse opponent.,10
Constrict,Normal,Physical,10,100,35,May lower opponent's Speed by one stage.,10
Continental Crush,Rock,Null,Null,Null,1,Rock type Z-Move.,Null
Conversion,Normal,Status,Null,Null,30,Changes user's type to that of its first move.,Null
Conversion 2,Normal,Status,Null,Null,30,User changes type to become resistant to opponent's last move.,Null
Copycat,Normal,Status,Null,Null,20,Copies opponent's last move.,Null
Core Enforcer,Dragon,Special,100,100,10,Suppresses the target's ability if the target has already moved.,Null
Corkscrew Crash,Steel,Null,Null,Null,1,Steel type Z-Move.,Null
Corrosive Gas,Poison,Status,Null,100,40,Removes opponent's items.,Null
Cosmic Power,Psychic,Status,Null,Null,20,Raises user's Defense and Special Defense.,Null
Cotton Guard,Grass,Status,Null,Null,10,Drastically raises user's Defense.,Null
Cotton Spore,Grass,Status,Null,100,40,Sharply lowers opponent's Speed.,Null
Counter,Fighting,Physical,Null,100,20,"When hit by a Physical Attack, user strikes back with 2x power.",Null
Court Change,Normal,Status,Null,100,10,Swaps the effects on either side of the field.,Null
Covet,Normal,Physical,60,100,25,Opponent's item is stolen by the user.,Null
Crabhammer,Water,Physical,100,90,10,High critical hit ratio.,Null
Crafty Shield,Fairy,Status,Null,Null,10,Protects the Pokémon from status moves.,Null
Cross Chop,Fighting,Physical,100,80,5,High critical hit ratio.,Null
Cross Poison,Poison,Physical,70,100,20,High critical hit ratio. May poison opponent.,10
Crunch,Dark,Physical,80,100,15,May lower opponent's Defense.,20
Crush Claw,Normal,Physical,75,95,10,May lower opponent's Defense.,50
Crush Grip,Normal,Physical,Null,100,5,More powerful when opponent has higher HP.,Null
Curse,Ghost,Status,Null,Null,10,"Ghosts lose 50% of max HP and curse the opponent; Non-Ghosts raise Attack, Defense and lower Speed.",Null
Cut,Normal,Physical,50,95,30,,Null
Dark Pulse,Dark,Special,80,100,15,May cause flinching.,20
Dark Void,Dark,Status,Null,50,10,Puts all adjacent opponents to sleep.,Null
Darkest Lariat,Dark,Physical,85,100,10,Ignores opponent's stat changes.,Null
Dazzling Gleam,Fairy,Special,80,100,10,Hits all adjacent opponents.,Null
Decorate,Fairy,Status,Null,Null,15,Sharply raises target's Attack and Special Attack.,100
Defend Order,Bug,Status,Null,Null,10,Raises user's Defense and Special Defense.,Null
Defense Curl,Normal,Status,Null,Null,40,Raises user's Defense.,Null
Defog,Flying,Status,Null,Null,15,Lowers opponent's Evasiveness and clears fog.,Null
Destiny Bond,Ghost,Status,Null,Null,5,"If the user faints, the opponent also faints.",Null
Detect,Fighting,Status,Null,Null,5,"Protects the user, but may fail if used consecutively.",Null
Devastating Drake,Dragon,Null,Null,Null,1,Dragon type Z-Move.,Null
Diamond Storm,Rock,Physical,100,95,5,May sharply raise user's Defense.,50
Dig,Ground,Physical,80,100,10,"Digs underground on first turn, attacks on second. Can also escape from caves.",Null
Dire Claw,Poison,Physical,80,100,15,"May poison, paralyze or put the opponent to sleep.",Null
Disable,Normal,Status,Null,100,20,Opponent can't use its last attack for a few turns.,Null
Disarming Voice,Fairy,Special,40,Infinite,15,Ignores Accuracy and Evasiveness.,Null
Discharge,Electric,Special,80,100,15,May paralyze opponent.,30
Dive,Water,Physical,80,100,10,"Dives underwater on first turn, attacks on second turn.",Null
Dizzy Punch,Normal,Physical,70,100,10,May confuse opponent.,20
Doodle,Normal,Status,Null,100,10,Changes the abilities of the user and its teammates to that of the target.,Null
Doom Desire,Steel,Special,140,100,5,Damage occurs 2 turns later.,Null
Double Hit,Normal,Physical,35,90,10,Hits twice in one turn.,Null
Double Iron Bash,Steel,Physical,60,100,5,Hits twice in one turn; may cause flinching.,30
Double Kick,Fighting,Physical,30,100,30,Hits twice in one turn.,Null
Double Shock,Electric,Physical,120,100,5,"After using this move, the user will no longer be Electric type.",Null
Double Slap,Normal,Physical,15,85,10,Hits 2-5 times in one turn.,Null
Double Team,Normal,Status,Null,Null,15,Raises user's Evasiveness.,Null
Double-Edge,Normal,Physical,120,100,15,User receives recoil damage.,Null
Draco Meteor,Dragon,Special,130,90,5,Sharply lowers user's Special Attack.,100
Dragon Ascent,Flying,Physical,120,100,5,Lowers user's Defense and Special Defense.,100
Dragon Breath,Dragon,Special,60,100,20,May paralyze opponent.,30
Dragon Cheer,Dragon,Status,Null,Infinite,15,,Null
Dragon Claw,Dragon,Physical,80,100,15,,Null
Dragon Dance,Dragon,Status,Null,Null,20,Raises user's Attack and Speed.,Null
Dragon Darts,Dragon,Physical,50,100,10,User attacks twice.,Null
Dragon Energy,Dragon,Special,150,100,5,"The higher the user's HP, the higher the power.",Null
Dragon Hammer,Dragon,Physical,90,100,15,The user uses its body like a hammer to attack the target and inflict damage.,Null
Dragon Pulse,Dragon,Special,85,100,10,,Null
Dragon Rage,Dragon,Special,Null,100,10,Always inflicts 40 HP.,Null
Dragon Rush,Dragon,Physical,100,75,10,May cause flinching.,20
Dragon Tail,Dragon,Physical,60,90,10,"In battles, the opponent switches. In the wild, the Pokémon runs.",Null
Drain Punch,Fighting,Physical,75,100,10,User recovers half the HP inflicted on opponent.,Null
Draining Kiss,Fairy,Special,50,100,10,User recovers most the HP inflicted on opponent.,Null
Dream Eater,Psychic,Special,100,100,15,User recovers half the HP inflicted on a sleeping opponent.,Null
Drill Peck,Flying,Physical,80,100,20,,Null
Drill Run,Ground,Physical,80,95,10,High critical hit ratio.,Null
Drum Beating,Grass,Physical,80,100,10,Lowers opponent's Speed.,100
Dual Chop,Dragon,Physical,40,90,15,Hits twice in one turn.,Null
Dual Wingbeat,Flying,Physical,40,90,10,The user slams the target with its wings. The target is hit twice in a row.,Null
Dynamax Cannon,Dragon,Special,100,100,5,Damage doubles if opponent is Dynamaxed.,Null
Dynamic Punch,Fighting,Physical,100,50,5,Confuses opponent.,100
Earth Power,Ground,Special,90,100,10,May lower opponent's Special Defense.,10
Earthquake,Ground,Physical,100,100,10,Power is doubled if opponent is underground from using Dig.,Null
Echoed Voice,Normal,Special,40,100,15,Power increases each turn.,Null
Eerie Impulse,Electric,Status,Null,100,15,Sharply lowers opponent's Special Attack.,Null
Eerie Spell,Psychic,Special,80,100,5,Deals damage and reduces opponent's PP.,Null
Egg Bomb,Normal,Physical,100,75,10,,Null
Electric Terrain,Electric,Status,Null,Null,10,Prevents all Pokémon from falling asleep for 5 turns.,Null
Electrify,Electric,Status,Null,Null,20,Changes the target's move to Electric type.,Null
Electro Ball,Electric,Special,Null,100,10,"The faster the user, the stronger the attack.",Null
Electro Drift,Electric,Special,100,100,5,Boosted even more if it's super-effective.,Null
Electro Shot,Electric,Special,130,100,10,"Charges on first turn, attacks on second.",Null
Electroweb,Electric,Special,55,95,15,Lowers opponent's Speed.,100
Embargo,Dark,Status,Null,100,15,Opponent cannot use items.,Null
Ember,Fire,Special,40,100,25,May burn opponent.,10
Encore,Normal,Status,Null,100,5,Forces opponent to keep using its last move for 3 turns.,Null
Endeavor,Normal,Physical,Null,100,5,Reduces opponent's HP to same as user's.,Null
Endure,Normal,Status,Null,Null,10,"Always left with at least 1 HP, but may fail if used consecutively.",Null
Energy Ball,Grass,Special,90,100,10,May lower opponent's Special Defense.,10
Entrainment,Normal,Status,Null,100,15,Makes target's ability same as user's.,Null
Eruption,Fire,Special,150,100,5,Stronger when the user's HP is higher.,Null
Esper Wing,Psychic,Special,80,100,10,High critical hit ratio. Raises user's Speed.,Null
Eternabeam,Dragon,Special,160,90,5,User can't move on the next turn.,Null
Expanding Force,Psychic,Special,80,100,10,Increases power and hits all opponents on Psychic Terrain.,Null
Explosion,Normal,Physical,250,100,5,User faints.,Null
Extrasensory,Psychic,Special,80,100,20,May cause flinching.,10
Extreme Evoboost,Normal,Status,Null,Null,1,Eevee-exclusive Z-Move. Sharply raises all stats.,100
Extreme Speed,Normal,Physical,80,100,5,User attacks first.,Null
Facade,Normal,Physical,70,100,20,"Power doubles if user is burned, poisoned, or paralyzed.",Null
Fairy Lock,Fairy,Status,Null,Null,10,Prevents fleeing in the next turn.,Null
Fairy Wind,Fairy,Special,40,100,30,,Null
Fake Out,Normal,Physical,40,100,10,"User attacks first, foe flinches. Only usable on first turn.",100
Fake Tears,Dark,Status,Null,100,20,Sharply lowers opponent's Special Defense.,Null
False Surrender,Dark,Physical,80,Infinite,10,Ignores Accuracy and Evasiveness.,Null
False Swipe,Normal,Physical,40,100,40,Always leaves opponent with at least 1 HP.,Null
Feather Dance,Flying,Status,Null,100,15,Sharply lowers opponent's Attack.,Null
Feint,Normal,Physical,30,100,10,Only hits if opponent uses Protect or Detect in the same turn.,Null
Feint Attack,Dark,Physical,60,Infinite,20,Ignores Accuracy and Evasiveness.,Null
Fell Stinger,Bug,Physical,50,100,25,Drastically raises user's Attack if target is KO'd.,Null
Fickle Beam,Dragon,Special,80,100,5,May deal double damage.,Null
Fiery Dance,Fire,Special,80,100,10,May raise user's Special Attack.,50
Fiery Wrath,Dark,Special,90,100,10,May cause flinching.,20
Fillet Away,Normal,Status,Null,Null,10,"Lowers HP but sharply boosts Attack, Special Attack, and Speed.",Null
Final Gambit,Fighting,Special,Null,100,5,Inflicts damage equal to the user's remaining HP. User faints.,Null
Fire Blast,Fire,Special,110,85,5,May burn opponent.,10
Fire Fang,Fire,Physical,65,95,15,May cause flinching and/or burn opponent.,10
Fire Lash,Fire,Physical,80,100,15,The user strikes the target with a burning lash. This also lowers the target's Defense stat.,100
Fire Pledge,Fire,Special,80,100,10,Added effects appear if combined with Grass Pledge or Water Pledge.,Null
Fire Punch,Fire,Physical,75,100,15,May burn opponent.,10
Fire Spin,Fire,Special,35,85,15,"Traps opponent, damaging them for 4-5 turns.",100
First Impression,Bug,Physical,90,100,10,"Although this move has great power, it only works the first turn the user is in battle.",Null
Fishious Rend,Water,Physical,85,100,10,"If the user attacks before the target, the power of this move is doubled.",Null
Fissure,Ground,Physical,Null,30,5,"One-Hit-KO, if it hits.",Null
Flail,Normal,Physical,Null,100,15,"The lower the user's HP, the higher the power.",Null
Flame Burst,Fire,Special,70,100,15,May also injure nearby Pokémon.,Null
Flame Charge,Fire,Physical,50,100,20,Raises user's Speed.,100
Flame Wheel,Fire,Physical,60,100,25,May burn opponent.,10
Flamethrower,Fire,Special,90,100,15,May burn opponent.,10
Flare Blitz,Fire,Physical,120,100,15,User receives recoil damage. May burn opponent.,10
Flash,Normal,Status,Null,100,20,Lowers opponent's Accuracy.,Null
Flash Cannon,Steel,Special,80,100,10,May lower opponent's Special Defense.,10
Flatter,Dark,Status,Null,100,15,"Confuses opponent, but raises its Special Attack.",Null
Fleur Cannon,Fairy,Special,130,90,5,Sharply lowers user's Special Attack.,100
Fling,Dark,Physical,Null,100,10,Power depends on held item.,Null
Flip Turn,Water,Physical,60,100,20,"After making its attack, the user rushes back to switch places with a party Pokémon in waiting.",Null
Floaty Fall,Flying,Physical,90,95,15,May cause flinching.,30
Floral Healing,Fairy,Status,Null,Null,10,The user restores the target's HP by up to half of its max HP. It restores more HP when the terrain is grass.,Null
Flower Shield,Fairy,Status,Null,Null,10,Sharply raises Defense of all Grass-type Pokémon on the field.,100
Flower Trick,Grass,Physical,70,Infinite,10,Never misses; always results in a critical hit.,Null
Fly,Flying,Physical,90,95,15,"Flies up on first turn, attacks on second turn.",Null
Flying Press,Fighting,Physical,100,95,10,Deals Fighting and Flying type damage.,Null
Focus Blast,Fighting,Special,120,70,5,May lower opponent's Special Defense.,10
Focus Energy,Normal,Status,Null,Null,30,Increases critical hit ratio.,Null
Focus Punch,Fighting,Physical,150,100,20,"If the user is hit before attacking, it flinches instead.",Null
Follow Me,Normal,Status,Null,Null,20,"In Double Battle, the user takes all the attacks.",Null
Force Palm,Fighting,Physical,60,100,10,May paralyze opponent.,30
Foresight,Normal,Status,Null,Null,40,"Resets opponent's Evasiveness, and allows Normal- and Fighting-type attacks to hit Ghosts.",Null
Forest's Curse,Grass,Status,Null,100,20,Adds Grass type to opponent.,Null
Foul Play,Dark,Physical,95,100,15,Uses the opponent's Attack stat.,Null
Freeze Shock,Ice,Physical,140,90,5,"Charges on first turn, attacks on second. May paralyze opponent.",30
Freeze-Dry,Ice,Special,70,100,20,May freeze opponent. Super-effective against Water types.,10
Freezing Glare,Psychic,Special,90,100,10,May freeze opponent.,10
Freezy Frost,Ice,Special,90,100,15,Resets all stat changes.,Null
Frenzy Plant,Grass,Special,150,90,5,User must recharge next turn.,Null
Frost Breath,Ice,Special,60,90,10,Always results in a critical hit.,100
Frustration,Normal,Physical,Null,100,20,Power decreases with higher Friendship.,Null
Fury Attack,Normal,Physical,15,85,20,Hits 2-5 times in one turn.,Null
Fury Cutter,Bug,Physical,40,95,20,Power increases each turn.,Null
Fury Swipes,Normal,Physical,18,80,15,Hits 2-5 times in one turn.,Null
Fusion Bolt,Electric,Physical,100,100,5,Power increases if Fusion Flare is used in the same turn.,Null
Fusion Flare,Fire,Special,100,100,5,Power increases if Fusion Bolt is used in the same turn.,Null
Future Sight,Psychic,Special,120,100,10,Damage occurs 2 turns later.,Null
G-Max Befuddle,Bug,Null,Null,Infinite,5,"Butterfree-exclusive G-Max Move. Poisons, paralyzes, or puts opponent to sleep.",100
G-Max Cannonade,Water,Null,Null,Infinite,10,Blastoise-exclusive G-Max Move. Damages non-Water types for 4 turns.,Null
G-Max Centiferno,Fire,Null,Null,Infinite,5,Centiskorch-exclusive G-Max Move. Traps opponents for 4-5 turns.,100
G-Max Chi Strike,Fighting,Null,Null,Infinite,5,Machamp-exclusive G-Max Move. Increases critical hit ratio.,Null
G-Max Cuddle,Normal,Null,Null,Infinite,5,Eevee-exclusive G-Max Move. Infatuates opponents.,100
G-Max Depletion,Dragon,Null,Null,Infinite,5,Duraludon-exclusive G-Max Move. Reduces opponent's PP.,Null
G-Max Drum Solo,Grass,Null,160,Infinite,5,Rillaboom-exclusive G-Max Move. Ignores target's ability.,Null
G-Max Finale,Fairy,Null,Null,Infinite,5,Alcremie-exclusive G-Max Move. Heals the user's team.,Null
G-Max Fireball,Fire,Null,160,Infinite,5,Cinderace-exclusive G-Max Move. Ignores target's ability.,Null
G-Max Foam Burst,Water,Null,Null,Infinite,5,Kingler-exclusive G-Max Move. Harshly lowers opponents' Speed.,100
G-Max Gold Rush,Normal,Null,Null,Infinite,5,Meowth-exclusive G-Max Move. Confuses opponents and earns more money.,100
G-Max Gravitas,Psychic,Null,Null,Infinite,5,Orbeetle-exclusive G-Max Move. Summons Gravity for 5 turns.,Null
G-Max Hydrosnipe,Water,Null,160,Infinite,5,Inteleon-exclusive G-Max Move. Ignores target's ability.,Null
G-Max Malodor,Poison,Null,Null,Infinite,5,Garbodor-exclusive G-Max Move. Poisons opponents.,100
G-Max Meltdown,Steel,Null,Null,Infinite,5,Melmetal-exclusive G-Max Move. Prevents opponents using the same move twice in a row.,Null
G-Max One Blow,Dark,Null,Null,Infinite,5,Urshifu Single-Strike Style-exclusive G-Max Move. Strikes through Max Guard and Protect.,Null
G-Max Rapid Flow,Water,Null,Null,Infinite,5,Urshifu Rapid-Strike Style-exclusive G-Max Move. Strikes through Max Guard and Protect.,Null
G-Max Replenish,Normal,Null,Null,Infinite,5,Snorlax-exclusive G-Max Move. Recycles Berries.,Null
G-Max Resonance,Ice,Null,Null,Infinite,5,Lapras-exclusive G-Max Move. Reduces damage for 5 turns.,Null
G-Max Sandblast,Ground,Null,Null,Infinite,5,Sandaconda-exclusive G-Max Move. Traps opponents for 4-5 turns.,100
G-Max Smite,Fairy,Null,Null,Infinite,5,Hatterene-exclusive G-Max Move. Confuses opponents.,100
G-Max Snooze,Dark,Null,Null,Infinite,5,Grimmsnarl-exclusive G-Max Move. Makes opponents drowsy.,Null
G-Max Steelsurge,Steel,Null,Null,Infinite,5,Copperajah-exclusive G-Max Move. Sets up Spikes on the field.,Null
G-Max Stonesurge,Water,Null,Null,Infinite,5,Drednaw-exclusive G-Max Move. Sets up Stealth Rock.,Null
G-Max Stun Shock,Electric,Null,Null,Infinite,10,Toxtricity-exclusive G-Max Move. Poisons or paralyzes opponents.,100
G-Max Sweetness,Grass,Null,Null,Infinite,10,Appletun-exclusive G-Max Move. Heals status conditions of user's team.,Null
G-Max Tartness,Grass,Null,Null,Infinite,10,Flapple-exclusive G-Max Move. Reduces opponents' evasiveness.,100
G-Max Terror,Ghost,Null,Null,Infinite,10,Gengar-exclusive G-Max Move. Prevents opponent from switching out.,Null
G-Max Vine Lash,Grass,Null,Null,Infinite,10,Venusaur-exclusive G-Max Move. Damages non-Grass types for 4 turns.,Null
G-Max Volcalith,Rock,Null,Null,Infinite,10,Coalossal-exclusive G-Max Move. Deals damage for 4 turns.,100
G-Max Volt Crash,Electric,Null,Null,Infinite,10,Pikachu-exclusive G-Max Move. Paralyzes opponents.,100
G-Max Wildfire,Fire,Null,Null,Infinite,10,Charizard-exclusive G-Max Move. Damages non-Fire types for 4 turns.,100
G-Max Wind Rage,Flying,Null,Null,Infinite,10,Corviknight-exclusive G-Max Move. Removes battlefield hazards.,Null
Gastro Acid,Poison,Status,Null,100,10,Cancels out the effect of the opponent's Ability.,Null
Gear Grind,Steel,Physical,50,85,15,Hits twice in one turn.,Null
Gear Up,Steel,Status,Null,Null,20,The user engages its gears to raise the Attack and Sp. Atk stats of ally Pokémon with the Plus or Minus Ability.,Null
Genesis Supernova,Psychic,Special,185,Null,1,Mew-exclusive Z-Move.,Null
Geomancy,Fairy,Status,Null,Null,10,"Charges on first turn, sharply raises user's Sp. Attack, Sp. Defense and Speed on the second.",Null
Giga Drain,Grass,Special,75,100,10,User recovers half the HP inflicted on opponent.,Null
Giga Impact,Normal,Physical,150,90,5,User must recharge next turn.,Null
Gigaton Hammer,Steel,Physical,160,100,5,Cannot be used twice in a row.,Null
Gigavolt Havoc,Electric,Null,Null,Null,1,Electric type Z-Move.,Null
Glacial Lance,Ice,Physical,120,100,5,The user attacks by hurling a blizzard-cloaked icicle lance at opposing Pokémon.,Null
Glaciate,Ice,Special,65,95,10,Lowers opponent's Speed.,100
Glaive Rush,Dragon,Physical,120,100,5,Attacks from opposing Pokémon during the next turn cannot miss and will inflict double damage.,Null
Glare,Normal,Status,Null,100,30,Paralyzes opponent.,Null
Glitzy Glow,Psychic,Special,90,100,15,Reduces damage from Special attacks.,Null
Grass Knot,Grass,Special,Null,100,20,"The heavier the opponent, the stronger the attack.",Null
Grass Pledge,Grass,Special,80,100,10,Added effects appear if preceded by Water Pledge or succeeded by Fire Pledge.,Null
Grass Whistle,Grass,Status,Null,55,15,Puts opponent to sleep.,Null
Grassy Glide,Grass,Physical,55,100,20,High priority during Grassy Terrain.,Null
Grassy Terrain,Grass,Status,Null,Null,10,Restores a little HP of all Pokémon for 5 turns.,Null
Grav Apple,Grass,Physical,80,100,10,Lowers the opponent's Defense stat.,100
Gravity,Psychic,Status,Null,Null,5,Prevents moves like Fly and Bounce and the Ability Levitate for 5 turns.,Null
Growl,Normal,Status,Null,100,40,Lowers opponent's Attack.,Null
Growth,Normal,Status,Null,Null,20,Raises user's Attack and Special Attack.,Null
Grudge,Ghost,Status,Null,Null,5,"If the users faints after using this move, the PP for the opponent's last move is depleted.",Null
Guard Split,Psychic,Status,Null,Null,10,Averages Defense and Special Defense with the target.,Null
Guard Swap,Psychic,Status,Null,Null,10,User and opponent swap Defense and Special Defense.,Null
Guardian of Alola,Fairy,Special,Null,Null,1,Tapu-exclusive Z-move. Cuts opponent's HP by 75%.,Null
Guillotine,Normal,Physical,Null,30,5,"One-Hit-KO, if it hits.",Null
Gunk Shot,Poison,Physical,120,80,5,May poison opponent.,30
Gust,Flying,Special,40,100,35,Hits Pokémon using Fly/Bounce/Sky Drop with double power.,Null
Gyro Ball,Steel,Physical,Null,100,5,"The slower the user, the stronger the attack.",Null
Hail,Ice,Status,Null,Null,10,Non-Ice types are damaged for 5 turns.,Null
Hammer Arm,Fighting,Physical,100,90,10,Lowers user's Speed.,100
Happy Hour,Normal,Status,Null,Null,30,Doubles prize money from trainer battles.,Null
Hard Press,Steel,Physical,Null,100,10,,Null
Harden,Normal,Status,Null,Null,30,Raises user's Defense.,Null
Haze,Ice,Status,Null,Null,30,Resets all stat changes.,Null
Head Charge,Normal,Physical,120,100,15,User receives recoil damage.,Null
Head Smash,Rock,Physical,150,80,5,User receives recoil damage.,Null
Headbutt,Normal,Physical,70,100,15,May cause flinching.,30
Headlong Rush,Ground,Physical,120,100,5,Lowers user's Defense.,Null
Heal Bell,Normal,Status,Null,Null,5,Heals the user's party's status conditions.,Null
Heal Block,Psychic,Status,Null,100,15,Prevents the opponent from restoring HP for 5 turns.,Null
Heal Order,Bug,Status,Null,Null,10,User recovers half its max HP.,Null
Heal Pulse,Psychic,Status,Null,Null,10,Restores half the target's max HP.,Null
Healing Wish,Psychic,Status,Null,Null,10,The user faints and the next Pokémon released is fully healed.,Null
Heart Stamp,Psychic,Physical,60,100,25,May cause flinching.,30
Heart Swap,Psychic,Status,Null,Null,10,Stat changes are swapped with the opponent.,Null
Heat Crash,Fire,Physical,Null,100,10,"The heavier the user, the stronger the attack.",Null
Heat Wave,Fire,Special,95,90,10,May burn opponent.,10
Heavy Slam,Steel,Physical,Null,100,10,"The heavier the user, the stronger the attack.",Null
Helping Hand,Normal,Status,Null,Null,20,"In Double Battles, boosts the power of the partner's move.",Null
Hex,Ghost,Special,65,100,10,Inflicts more damage if the target has a status condition.,Null
Hidden Power,Normal,Special,60,100,15,Type and power depends on user's IVs.,Null
High Horsepower,Ground,Physical,95,95,10,The user fiercely attacks the target using its entire body.,Null
High Jump Kick,Fighting,Physical,130,90,10,"If it misses, the user loses half their HP.",Null
Hold Back,Normal,Physical,40,100,40,Always leaves opponent with at least 1 HP.,Null
Hold Hands,Normal,Status,Null,Null,40,Makes the user and an ally very happy.,Null
Hone Claws,Dark,Status,Null,Null,15,Raises user's Attack and Accuracy.,Null
Horn Attack,Normal,Physical,65,100,25,,Null
Horn Drill,Normal,Physical,Null,30,5,"One-Hit-KO, if it hits.",Null
Horn Leech,Grass,Physical,75,100,10,User recovers half the HP inflicted on opponent.,Null
Howl,Normal,Status,Null,Null,40,Raises Attack of allies.,Null
Hurricane,Flying,Special,110,70,10,May confuse opponent.,30
Hydro Cannon,Water,Special,150,90,5,User must recharge next turn.,Null
Hydro Pump,Water,Special,110,80,5,,Null
Hydro Steam,Water,Special,80,100,15,Power increases in harsh sunlight.,Null
Hydro Vortex,Water,Null,Null,Null,1,Water type Z-Move.,Null
Hyper Beam,Normal,Special,150,90,5,User must recharge next turn.,Null
Hyper Drill,Normal,Physical,100,100,5,Can strike through Protect/Detect.,Null
Hyper Fang,Normal,Physical,80,90,15,May cause flinching.,10
Hyper Voice,Normal,Special,90,100,10,,Null
Hyperspace Fury,Dark,Physical,100,Infinite,5,Lowers user's Defense. Can strike through Protect/Detect.,100
Hyperspace Hole,Psychic,Special,80,Infinite,5,Can strike through Protect/Detect.,Null
Hypnosis,Psychic,Status,Null,60,20,Puts opponent to sleep.,Null
Ice Ball,Ice,Physical,30,90,20,Doubles in power each turn for 5 turns.,Null
Ice Beam,Ice,Special,90,100,10,May freeze opponent.,10
Ice Burn,Ice,Special,140,90,5,"Charges on first turn, attacks on second. May burn opponent.",30
Ice Fang,Ice,Physical,65,95,15,May cause flinching and/or freeze opponent.,10
Ice Hammer,Ice,Physical,100,90,10,"The user swings and hits with its strong, heavy fist. It lowers the user's Speed, however.",100
Ice Punch,Ice,Physical,75,100,15,May freeze opponent.,10
Ice Shard,Ice,Physical,40,100,30,User attacks first.,Null
Ice Spinner,Ice,Physical,80,100,15,Removes effects of Terrain.,Null
Icicle Crash,Ice,Physical,85,90,10,May cause flinching.,30
Icicle Spear,Ice,Physical,25,100,30,Hits 2-5 times in one turn.,Null
Icy Wind,Ice,Special,55,95,15,Lowers opponent's Speed.,100
Imprison,Psychic,Status,Null,Null,10,Opponent is unable to use moves that the user also knows.,Null
Incinerate,Fire,Special,60,100,15,Destroys the target's held berry.,Null
Infernal Parade,Ghost,Special,60,100,15,Inflicts double damage if the target has a status condition.,Null
Inferno,Fire,Special,100,50,5,Burns opponent.,100
Inferno Overdrive,Fire,Null,Null,Null,1,Fire type Z-Move.,Null
Infestation,Bug,Special,20,100,20,"Traps opponent, damaging them for 4-5 turns.",100
Ingrain,Grass,Status,Null,Null,20,User restores HP each turn. User cannot escape/switch.,Null
Instruct,Psychic,Status,Null,Null,15,Allows an ally to use a move instead.,Null
Ion Deluge,Electric,Status,Null,Null,25,Changes Normal-type moves to Electric-type.,Null
Iron Defense,Steel,Status,Null,Null,15,Sharply raises user's Defense.,Null
Iron Head,Steel,Physical,80,100,15,May cause flinching.,30
Iron Tail,Steel,Physical,100,75,15,May lower opponent's Defense.,30
Ivy Cudgel,Grass,Physical,100,Null,Null,High critical hit ratio. Type changes based on form.,Null
Jaw Lock,Dark,Physical,80,100,10,Prevents user and opponent from switching out.,Null
Jet Punch,Water,Physical,60,100,15,Always goes first.,Null
Judgment,Normal,Special,100,100,10,Type depends on the Arceus Plate being held.,Null
Jump Kick,Fighting,Physical,100,95,10,"If it misses, the user loses half their HP.",Null
Jungle Healing,Grass,Status,Null,Null,10,Restores team's HP and cures status conditions.,Null
Karate Chop,Fighting,Physical,50,100,25,High critical hit ratio.,Null
Kinesis,Psychic,Status,Null,80,15,Lowers opponent's Accuracy.,Null
King's Shield,Steel,Status,Null,Null,10,Protects the user and lowers opponent's Attack on contact.,Null
Knock Off,Dark,Physical,65,100,20,Removes opponent's held item for the rest of the battle.,Null
Kowtow Cleave,Dark,Physical,85,Infinite,10,Always hits.,Null
Land's Wrath,Ground,Physical,90,100,10,,Null
Laser Focus,Normal,Status,Null,Null,30,User's next attack is guaranteed to result in a critical hit.,Null
Lash Out,Dark,Physical,75,100,5,Double power if stats were lowered during the turn.,Null
Last Resort,Normal,Physical,140,100,5,Can only be used after all other moves are used.,Null
Last Respects,Ghost,Physical,50,100,10,Damages increases the more party Pokémon have been defeated.,Null
Lava Plume,Fire,Special,80,100,15,May burn opponent.,30
Leaf Blade,Grass,Physical,90,100,15,High critical hit ratio.,Null
Leaf Storm,Grass,Special,130,90,5,Sharply lowers user's Special Attack.,100
Leaf Tornado,Grass,Special,65,90,10,May lower opponent's Accuracy.,50
Leafage,Grass,Physical,40,100,40,Strikes opponent with leaves.,Null
Leech Life,Bug,Physical,80,100,10,User recovers half the HP inflicted on opponent.,Null
Leech Seed,Grass,Status,Null,90,10,Drains HP from opponent each turn.,Null
Leer,Normal,Status,Null,100,30,Lowers opponent's Defense.,100
Let's Snuggle Forever,Fairy,Physical,190,Null,1,Mimikyu-exclusive Z-Move.,Null
Lick,Ghost,Physical,30,100,30,May paralyze opponent.,30
Life Dew,Water,Status,Null,Null,10,User and teammates recover HP.,Null
Light of Ruin,Fairy,Special,140,90,5,User receives recoil damage.,Null
Light Screen,Psychic,Status,Null,Null,30,Halves damage from Special attacks for 5 turns.,Null
Light That Burns the Sky,Psychic,Special,200,Null,1,Ultra Necrozma-exclusive Z-Move. Ignores target's ability; uses highest Attack stat.,Null
Liquidation,Water,Physical,85,100,10,May lower opponent's Defense.,20
Lock-On,Normal,Status,Null,Null,5,User's next attack is guaranteed to hit.,Null
Lovely Kiss,Normal,Status,Null,75,10,Puts opponent to sleep.,Null
Low Kick,Fighting,Physical,Null,100,20,"The heavier the opponent, the stronger the attack.",Null
Low Sweep,Fighting,Physical,65,100,20,Lowers opponent's Speed.,100
Lucky Chant,Normal,Status,Null,Null,30,Opponent cannot land critical hits for 5 turns.,Null
Lumina Crash,Psychic,Special,80,100,10,Harshly lowers target’s Special Defense.,Null
Lunar Blessing,Psychic,Status,Null,Null,5,Heals user's status conditions and recovers HP.,Null
Lunar Dance,Psychic,Status,Null,Null,10,The user faints but the next Pokémon released is fully healed.,Null
Lunge,Bug,Physical,80,100,15,"The user makes a lunge at the target, attacking with full force. This also lowers the target's Attack stat.",100
Luster Purge,Psychic,Special,95,100,5,May lower opponent's Special Defense.,50
Mach Punch,Fighting,Physical,40,100,30,User attacks first.,Null
Magic Coat,Psychic,Status,Null,Null,15,Reflects moves that cause status conditions back to the attacker.,Null
Magic Powder,Psychic,Status,Null,100,20,Changes target's type to Psychic.,Null
Magic Room,Psychic,Status,Null,Null,10,Suppresses the effects of held items for five turns.,Null
Magical Leaf,Grass,Special,60,Infinite,20,Ignores Accuracy and Evasiveness.,Null
Magical Torque,Fairy,Physical,100,100,10,May confuse the opponent.,Null
Magma Storm,Fire,Special,100,75,5,"Traps opponent, damaging them for 4-5 turns.",100
Magnet Bomb,Steel,Physical,60,Infinite,20,Ignores Accuracy and Evasiveness.,Null
Magnet Rise,Electric,Status,Null,Null,10,User becomes immune to Ground-type moves for 5 turns.,Null
Magnetic Flux,Electric,Status,Null,Null,20,Raises Defense and Sp. Defense of Plus/Minus Pokémon.,Null
Magnitude,Ground,Physical,Null,100,30,Hits with random power.,Null
Make It Rain,Steel,Special,120,100,5,Lowers user's Special Attack. Money is earned after the battle.,Null
Malicious Moonsault,Dark,Physical,180,Null,1,Incineroar-exclusive Z-Move.,Null
Malignant Chain,Poison,Special,100,100,5,May poison the opponent.,Null
Mat Block,Fighting,Status,Null,Null,10,Protects teammates from damaging moves.,Null
Matcha Gotcha,Grass,Special,80,90,15,"Deals damage, restores HP, may burn opponent.",20
Max Airstream,Flying,Null,Null,Null,Null,Flying type Dynamax move. Raises the team's Speed.,100
Max Darkness,Dark,Null,Null,Null,Null,Dark type Dynamax move. Lowers the target's Special Defense.,100
Max Flare,Fire,Null,Null,Null,Null,Fire type Dynamax move. Summons harsh sunlight.,Null
Max Flutterby,Bug,Null,Null,Null,Null,Bug type Dynamax move. Lowers the target's Special Attack.,100
Max Geyser,Water,Null,Null,Null,Null,Water type Dynamax move. Summons heavy rain.,Null
Max Guard,Normal,Null,Null,Null,Null,Status category Dynamax move. Protects the user.,Null
Max Hailstorm,Ice,Null,Null,Null,Null,Ice type Dynamax move. Summons hail.,Null
Max Knuckle,Fighting,Null,Null,Null,Null,Fighting type Dynamax move. Increases the team's Attack.,100
Max Lightning,Electric,Null,Null,Null,Null,Electric type Dynamax move. Summons Electric Terrain.,Null
Max Mindstorm,Psychic,Null,Null,Null,Null,Psychic type Dynamax move. Summons Psychic Terrain.,Null
Max Ooze,Poison,Null,Null,Null,Null,Poison type Dynamax move. Increases the team's Special Attack.,100
Max Overgrowth,Grass,Null,Null,Null,Null,Grass type Dynamax move. Summons Grassy Terrain.,Null
Max Phantasm,Ghost,Null,Null,Null,Null,Ghost type Dynamax move. Lowers the target's Defense.,100
Max Quake,Ground,Null,Null,Null,Null,Ground type Dynamax move. Increases the team's Special Defense.,100
Max Rockfall,Rock,Null,Null,Null,Null,Rock type Dynamax move. Summons a sandstorm.,Null
Max Starfall,Fairy,Null,Null,Null,Null,Fairy type Dynamax move. Summons Misty Terrain.,Null
Max Steelspike,Steel,Null,Null,Null,Null,Steel type Dynamax move. Raises the team's Defense.,100
Max Strike,Normal,Null,Null,Null,Null,Normal type Dynamax move. Lowers the target's Speed.,100
Max Wyrmwind,Dragon,Null,Null,Null,Null,Dragon type Dynamax move. Lowers the target's Attack.,100
Me First,Normal,Status,Null,Null,20,User copies the opponent's attack with 1.5× power.,Null
Mean Look,Normal,Status,Null,Null,5,Opponent cannot flee or switch.,Null
Meditate,Psychic,Status,Null,Null,40,Raises user's Attack.,Null
Mega Drain,Grass,Special,40,100,15,User recovers half the HP inflicted on opponent.,Null
Mega Kick,Normal,Physical,120,75,5,,Null
Mega Punch,Normal,Physical,80,85,20,,Null
Megahorn,Bug,Physical,120,85,10,,Null
Memento,Dark,Status,Null,100,10,"User faints, sharply lowers opponent's Attack and Special Attack.",Null
Menacing Moonraze Maelstrom,Ghost,Special,200,Null,1,Lunala-exclusive Z-Move.,Null
Metal Burst,Steel,Physical,Null,100,10,Deals damage equal to 1.5x opponent's attack.,Null
Metal Claw,Steel,Physical,50,95,35,May raise user's Attack.,10
Metal Sound,Steel,Status,Null,85,40,Sharply lowers opponent's Special Defense.,Null
Meteor Assault,Fighting,Physical,150,100,5,User must recharge next turn.,Null
Meteor Beam,Rock,Special,120,90,10,"User gathers space power and boosts its Sp. Atk stat, then attacks the target on the next turn.",Null
Meteor Mash,Steel,Physical,90,90,10,May raise user's Attack.,20
Metronome,Normal,Status,Null,Null,10,User performs almost any move in the game at random.,Null
Mighty Cleave,Rock,Physical,95,100,5,,Null
Milk Drink,Normal,Status,Null,Null,5,User recovers half its max HP.,Null
Mimic,Normal,Status,Null,Null,10,Copies the opponent's last move.,Null
Mind Blown,Fire,Special,150,100,5,User receives recoil damage.,Null
Mind Reader,Normal,Status,Null,Null,5,User's next attack is guaranteed to hit.,Null
Minimize,Normal,Status,Null,Null,10,Sharply raises user's Evasiveness.,Null
Miracle Eye,Psychic,Status,Null,Null,40,"Resets opponent's Evasiveness, removes Dark's Psychic immunity.",Null
Mirror Coat,Psychic,Special,Null,100,20,"When hit by a Special Attack, user strikes back with 2x power.",Null
Mirror Move,Flying,Status,Null,Null,20,User performs the opponent's last move.,Null
Mirror Shot,Steel,Special,65,85,10,May lower opponent's Accuracy.,30
Mist,Ice,Status,Null,Null,30,User's stats cannot be changed for a period of time.,Null
Mist Ball,Psychic,Special,95,100,5,May lower opponent's Special Attack.,50
Misty Explosion,Fairy,Special,100,100,5,Power increases on Misty Terrain.,Null
Misty Terrain,Fairy,Status,Null,Null,10,Protects the field from status conditions for 5 turns.,Null
Moonblast,Fairy,Special,95,100,15,May lower opponent's Special Attack.,30
Moongeist Beam,Ghost,Special,100,100,5,Ignores the target's ability.,Null
Moonlight,Fairy,Status,Null,Null,5,User recovers HP. Amount varies with the weather.,Null
Morning Sun,Normal,Status,Null,Null,5,User recovers HP. Amount varies with the weather.,Null
Mortal Spin,Poison,Physical,30,100,15,"Removes entry hazards and trap move effects, and poisons opposing Pokémon.",Null
Mountain Gale,Ice,Physical,100,85,10,Lowers user's Speed.,Null
Mud Bomb,Ground,Special,65,85,10,May lower opponent's Accuracy.,30
Mud Shot,Ground,Special,55,95,15,Lowers opponent's Speed.,100
Mud Sport,Ground,Status,Null,Null,15,Weakens the power of Electric-type moves.,Null
Mud-Slap,Ground,Special,20,100,10,Lowers opponent's Accuracy.,100
Muddy Water,Water,Special,90,85,10,May lower opponent's Accuracy.,30
Multi-Attack,Normal,Physical,120,100,10,Type matches Memory item held.,Null
Mystical Fire,Fire,Special,75,100,10,Lowers opponent's Special Attack.,100
Mystical Power,Psychic,Special,70,90,10,Raises user's Special Attack.,Null
Nasty Plot,Dark,Status,Null,Null,20,Sharply raises user's Special Attack.,Null
Natural Gift,Normal,Physical,Null,100,15,Power and type depend on the user's held berry.,Null
Nature Power,Normal,Status,Null,Null,20,Uses a certain move based on the current terrain.,Null
Nature's Madness,Fairy,Special,Null,90,10,Halves the foe's HP.,Null
Needle Arm,Grass,Physical,60,100,15,May cause flinching.,30
Never-Ending Nightmare,Ghost,Null,Null,Null,1,Ghost type Z-Move.,Null
Night Daze,Dark,Special,85,95,10,May lower opponent's Accuracy.,40
Night Shade,Ghost,Special,Null,100,15,Inflicts damage equal to user's level.,Null
Night Slash,Dark,Physical,70,100,15,High critical hit ratio.,Null
Nightmare,Ghost,Status,Null,100,15,The sleeping opponent loses 25% of its max HP each turn.,Null
No Retreat,Fighting,Status,Null,Null,5,Raises all stats but user cannot switch out.,100
Noble Roar,Normal,Status,Null,100,30,Lowers opponent's Attack and Special Attack.,100
Noxious Torque,Poison,Physical,100,100,10,May poison the opponent.,Null
Nuzzle,Electric,Physical,20,100,20,Paralyzes opponent.,100
Oblivion Wing,Flying,Special,80,100,10,User recovers most of the HP inflicted on opponent.,Null
Obstruct,Dark,Status,Null,100,10,Protects the user and sharply lowers Defence on contact.,Null
Oceanic Operetta,Water,Special,195,Null,1,Primarina-exclusive Z-Move.,Null
Octazooka,Water,Special,65,85,10,May lower opponent's Accuracy.,50
Octolock,Fighting,Status,Null,100,15,"Lowers opponent's Defense and Special Defense every turn, and they cannot flee or switch out.",Null
Odor Sleuth,Normal,Status,Null,Null,40,"Resets opponent's Evasiveness, and allows Normal- and Fighting-type attacks to hit Ghosts.",Null
Ominous Wind,Ghost,Special,60,100,5,May raise all user's stats at once.,10
Order Up,Dragon,Physical,80,100,10,Boosts Attack/Defense/Speed depending on ally Tatsugiri.,Null
Origin Pulse,Water,Special,110,85,10,Hits all adjacent opponents.,Null
Outrage,Dragon,Physical,120,100,10,User attacks for 2-3 turns but then becomes confused.,Null
Overdrive,Electric,Special,80,100,10,Hits all adjacent opponents.,Null
Overheat,Fire,Special,130,90,5,Sharply lowers user's Special Attack.,100
Pain Split,Normal,Status,Null,Null,20,The user's and opponent's HP becomes the average of both.,Null
Parabolic Charge,Electric,Special,65,100,20,User recovers half the HP inflicted on opponent.,Null
Parting Shot,Dark,Status,Null,100,20,Lowers opponent's Attack and Special Attack then switches out.,100
Pay Day,Normal,Physical,40,100,20,Money is earned after the battle.,Null
Payback,Dark,Physical,50,100,10,Power doubles if the user was attacked first.,Null
Peck,Flying,Physical,35,100,35,,Null
Perish Song,Normal,Status,Null,Null,5,Any Pokémon in play when this attack is used faints in 3 turns.,Null
Petal Blizzard,Grass,Physical,90,100,15,Hits all adjacent Pokémon.,Null
Petal Dance,Grass,Special,120,100,10,User attacks for 2-3 turns but then becomes confused.,Null
Phantom Force,Ghost,Physical,90,100,10,"Disappears on first turn, attacks on second. Can strike through Protect/Detect.",Null
Photon Geyser,Psychic,Special,100,100,5,"Uses Attack or Special Attack stat, whichever is higher.",Null
Pika Papow,Electric,Special,Null,Infinite,20,Power increases when player's bond is stronger.,Null
Pin Missile,Bug,Physical,25,95,20,Hits 2-5 times in one turn.,Null
Plasma Fists,Electric,Physical,100,100,15,Changes Normal-type moves to Electric-type moves.,Null
Play Nice,Normal,Status,Null,Null,20,Lowers opponent's Attack. Always hits.,100
Play Rough,Fairy,Physical,90,90,10,May lower opponent's Attack.,10
Pluck,Flying,Physical,60,100,20,"If the opponent is holding a berry, its effect is stolen by user.",Null
Poison Fang,Poison,Physical,50,100,15,May badly poison opponent.,50
Poison Gas,Poison,Status,Null,90,40,Poisons opponent.,Null
Poison Jab,Poison,Physical,80,100,20,May poison the opponent.,30
Poison Powder,Poison,Status,Null,75,35,Poisons opponent.,Null
Poison Sting,Poison,Physical,15,100,35,May poison the opponent.,30
Poison Tail,Poison,Physical,50,100,25,High critical hit ratio. May poison opponent.,10
Pollen Puff,Bug,Special,90,100,15,Deals damage to opponent or restores HP of teammate.,Null
Poltergeist,Ghost,Physical,110,90,5,Fails if the target doesn’t have an item.,Null
Population Bomb,Normal,Physical,20,90,10,Hits 1-10 times in a row.,Null
Pounce,Bug,Physical,50,100,20,Lowers opponent's Speed.,100
Pound,Normal,Physical,40,100,35,,Null
Powder,Bug,Status,Null,100,20,Damages Pokémon using Fire type moves.,Null
Powder Snow,Ice,Special,40,100,25,May freeze opponent.,10
Power Gem,Rock,Special,80,100,20,,Null
Power Shift,Normal,Status,Null,Null,10,Switches Attack and Defense stats.,Null
Power Split,Psychic,Status,Null,Null,10,Averages Attack and Special Attack with the target.,Null
Power Swap,Psychic,Status,Null,Null,10,User and opponent swap Attack and Special Attack.,Null
Power Trick,Psychic,Status,Null,Null,10,User's own Attack and Defense switch.,Null
Power Trip,Dark,Physical,20,100,10,"The user boasts its strength and attacks the target. The more the user's stats are raised, the greater the move's power.",Null
Power Whip,Grass,Physical,120,85,10,,Null
Power-Up Punch,Fighting,Physical,40,100,20,Raises Attack.,100
Precipice Blades,Ground,Physical,120,85,10,Hits all adjacent opponents.,Null
Present,Normal,Physical,Null,90,15,Either deals damage or heals.,Null
Prismatic Laser,Psychic,Special,160,100,10,The user shoots powerful lasers using the power of a prism. The user can't move on the next turn.,Null
Protect,Normal,Status,Null,Null,10,"Protects the user, but may fail if used consecutively.",Null
Psybeam,Psychic,Special,65,100,20,May confuse opponent.,10
Psyblade,Psychic,Physical,80,100,15,Power increases on Electric Terrain.,Null
Psych Up,Normal,Status,Null,Null,10,Copies the opponent's stat changes.,Null
Psychic,Psychic,Special,90,100,10,May lower opponent's Special Defense.,10
Psychic Fangs,Psychic,Physical,85,100,10,The user bites the target with its psychic capabilities. This can also destroy Light Screen and Reflect.,Null
Psychic Noise,Psychic,Special,75,100,10,Deals damage and prevents target from healing.,Null
Psychic Terrain,Psychic,Status,Null,Null,10,Prevents priority moves from being used for 5 turns.,Null
Psycho Boost,Psychic,Special,140,90,5,Sharply lowers user's Special Attack.,100
Psycho Cut,Psychic,Physical,70,100,20,High critical hit ratio.,Null
Psycho Shift,Psychic,Status,Null,100,10,Transfers user's status condition to the opponent.,Null
Psyshield Bash,Psychic,Physical,70,90,10,Raises user's Defense and Special Defense.,Null
Psyshock,Psychic,Special,80,100,10,"Inflicts damage based on the target's Defense, not Special Defense.",Null
Psystrike,Psychic,Special,100,100,10,"Inflicts damage based on the target's Defense, not Special Defense.",Null
Psywave,Psychic,Special,Null,100,15,Inflicts damage 50-150% of user's level.,Null
Pulverizing Pancake,Normal,Physical,210,Null,1,Snorlax-exclusive Normal type Z-Move.,Null
Punishment,Dark,Physical,Null,100,5,Power increases when opponent's stats have been raised.,Null
Purify,Poison,Status,Null,Null,20,"The user heals the target's status condition. If the move succeeds, it also restores the user's own HP.",Null
Pursuit,Dark,Physical,40,100,20,Double power if the opponent is switching out.,Null
Pyro Ball,Fire,Physical,120,90,5,May burn opponent.,10
Quash,Dark,Status,Null,100,15,Makes the target act last this turn.,Null
Quick Attack,Normal,Physical,40,100,30,User attacks first.,Null
Quick Guard,Fighting,Status,Null,Null,15,Protects the user's team from high-priority moves.,Null
Quiver Dance,Bug,Status,Null,Null,20,"Raises user's Special Attack, Special Defense and Speed.",Null
Rage,Normal,Physical,20,100,20,Raises user's Attack when hit.,Null
Rage Fist,Ghost,Physical,50,100,10,"The more times the user has been hit by attacks, the greater the move's power.",Null
Rage Powder,Bug,Status,Null,Null,20,"Forces attacks to hit user, not team-mates.",Null
Raging Bull,Normal,Physical,90,100,10,Type depends on the user’s form. Breaks through Reflect and Light Screen barriers.,Null
Raging Fury,Fire,Physical,120,100,10,User attacks for 2-3 turns but then becomes confused.,Null
Rain Dance,Water,Status,Null,Null,5,Makes it rain for 5 turns.,Null
Rapid Spin,Normal,Physical,50,100,40,Raises user's Speed and removes entry hazards and trap move effects.,100
Razor Leaf,Grass,Physical,55,95,25,High critical hit ratio.,Null
Razor Shell,Water,Physical,75,95,10,May lower opponent's Defense.,50
Razor Wind,Normal,Special,80,100,10,"Charges on first turn, attacks on second. High critical hit ratio.",Null
Recover,Normal,Status,Null,Null,5,User recovers half its max HP.,Null
Recycle,Normal,Status,Null,Null,10,User's used hold item is restored.,Null
Reflect,Psychic,Status,Null,Null,20,Halves damage from Physical attacks for 5 turns.,Null
Reflect Type,Normal,Status,Null,Null,15,User becomes the target's type.,Null
Refresh,Normal,Status,Null,Null,20,"Cures paralysis, poison, and burns.",Null
Relic Song,Normal,Special,75,100,10,May put the target to sleep.,10
Rest,Psychic,Status,Null,Null,5,"User sleeps for 2 turns, but user is fully healed.",Null
Retaliate,Normal,Physical,70,100,5,Inflicts double damage if a teammate fainted on the last turn.,Null
Return,Normal,Physical,Null,100,20,Power increases with higher Friendship.,Null
Revelation Dance,Normal,Special,90,100,15,Type changes based on Oricorio's form.,Null
Revenge,Fighting,Physical,60,100,10,Power increases if user was hit first.,Null
Reversal,Fighting,Physical,Null,100,15,"The lower the user's HP, the higher the power.",Null
Revival Blessing,Normal,Status,Null,Null,1,Revives a fainted party Pokémon to half HP.,Null
Rising Voltage,Electric,Special,70,100,20,Power doubles on Electric Terrain.,Null
Roar,Normal,Status,Null,Null,20,"In battles, the opponent switches. In the wild, the Pokémon runs.",Null
Roar of Time,Dragon,Special,150,90,5,User must recharge next turn.,Null
Rock Blast,Rock,Physical,25,90,10,Hits 2-5 times in one turn.,Null
Rock Climb,Normal,Physical,90,85,20,May confuse opponent.,20
Rock Polish,Rock,Status,Null,Null,20,Sharply raises user's Speed.,Null
Rock Slide,Rock,Physical,75,90,10,May cause flinching.,30
Rock Smash,Fighting,Physical,40,100,15,May lower opponent's Defense.,50
Rock Throw,Rock,Physical,50,90,15,,Null
Rock Tomb,Rock,Physical,60,95,15,Lowers opponent's Speed.,100
Rock Wrecker,Rock,Physical,150,90,5,User must recharge next turn.,Null
Role Play,Psychic,Status,Null,Null,10,User copies the opponent's Ability.,Null
Rolling Kick,Fighting,Physical,60,85,15,May cause flinching.,30
Rollout,Rock,Physical,30,90,20,Doubles in power each turn for 5 turns.,Null
Roost,Flying,Status,Null,Null,5,User recovers half of its max HP and loses the Flying type temporarily.,Null
Rototiller,Ground,Status,Null,Null,10,Raises Attack and Special Attack of Grass-types.,100
Round,Normal,Special,60,100,15,Power increases if teammates use it in the same turn.,Null
Ruination,Dark,Special,Null,90,10,Halves the opponent's HP.,Null
Sacred Fire,Fire,Physical,100,95,5,May burn opponent.,50
Sacred Sword,Fighting,Physical,90,100,15,Ignores opponent's stat changes.,Null
Safeguard,Normal,Status,Null,Null,25,The user's party is protected from status conditions.,Null
Salt Cure,Rock,Physical,40,100,15,Deals damage each turn; Steel and Water types are more affected.,Null
Sand Attack,Ground,Status,Null,100,15,Lowers opponent's Accuracy.,Null
Sand Tomb,Ground,Physical,35,85,15,"Traps opponent, damaging them for 4-5 turns.",100
Sandsear Storm,Ground,Special,100,80,10,May burn target.,Null
Sandstorm,Rock,Status,Null,Null,10,Creates a sandstorm for 5 turns.,Null
Sappy Seed,Grass,Physical,90,100,15,Drains HP from opponent each turn.,100
Savage Spin-Out,Bug,Null,Null,Null,1,Bug type Z-Move.,Null
Scald,Water,Special,80,100,15,May burn opponent.,30
Scale Shot,Dragon,Physical,25,90,20,Hits 2-5 times in one turn. Boosts user's Speed but lowers its Defense.,Null
Scary Face,Normal,Status,Null,100,10,Sharply lowers opponent's Speed.,Null
Scorching Sands,Ground,Special,70,100,10,May burn the target.,Null
Scratch,Normal,Physical,40,100,35,,Null
Screech,Normal,Status,Null,85,40,Sharply lowers opponent's Defense.,Null
Searing Shot,Fire,Special,100,100,5,May burn opponent.,30
Searing Sunraze Smash,Steel,Physical,200,Null,1,Solgaleo-exclusive Z-Move.,Null
Secret Power,Normal,Physical,70,100,20,Effects of the attack vary with the location.,30
Secret Sword,Fighting,Special,85,100,10,"Inflicts damage based on the target's Defense, not Special Defense.",Null
Seed Bomb,Grass,Physical,80,100,15,,Null
Seed Flare,Grass,Special,120,85,5,May lower opponent's Special Defense.,40
Seismic Toss,Fighting,Physical,Null,100,20,Inflicts damage equal to user's level.,Null
Self-Destruct,Normal,Physical,200,100,5,User faints.,Null
Shadow Ball,Ghost,Special,80,100,15,May lower opponent's Special Defense.,20
Shadow Bone,Ghost,Physical,85,100,10,May lower opponent's Defense.,20
Shadow Claw,Ghost,Physical,70,100,15,High critical hit ratio.,Null
Shadow Force,Ghost,Physical,120,100,5,"Disappears on first turn, attacks on second. Can strike through Protect/Detect.",Null
Shadow Punch,Ghost,Physical,60,Infinite,20,Ignores Accuracy and Evasiveness.,Null
Shadow Sneak,Ghost,Physical,40,100,30,User attacks first.,Null
Sharpen,Normal,Status,Null,Null,30,Raises user's Attack.,Null
Shattered Psyche,Psychic,Null,Null,Null,1,Psychic type Z-Move.,Null
Shed Tail,Normal,Status,Null,Null,10,"Creates a substitute, then swaps places with a party Pokémon in waiting.",Null
Sheer Cold,Ice,Special,Null,30,5,"One-Hit-KO, if it hits.",Null
Shell Side Arm,Poison,Special,90,100,10,"May poison opponent. Inflicts either Special or Physical damage, whichever is better.",Null
Shell Smash,Normal,Status,Null,Null,15,"Sharply raises user's Attack, Special Attack and Speed but lowers Defense and Special Defense.",Null
Shell Trap,Fire,Special,150,100,5,Deals more damage to opponent if hit by a Physical move.,Null
Shelter,Steel,Status,Null,Null,10,Raises user's Defense.,Null
Shift Gear,Steel,Status,Null,Null,10,Raises user's Attack and sharply raises Speed.,Null
Shock Wave,Electric,Special,60,Infinite,20,Ignores Accuracy and Evasiveness.,Null
Shore Up,Ground,Status,Null,Null,5,The user regains up to half of its max HP. It restores more HP in a sandstorm.,Null
Signal Beam,Bug,Special,75,100,15,May confuse opponent.,10
Silk Trap,Bug,Status,Null,Null,10,Protects the user and lowers opponent's Speed on contact.,Null
Silver Wind,Bug,Special,60,100,5,May raise all stats of user at once.,10
Simple Beam,Normal,Status,Null,100,15,Changes target's ability to Simple.,Null
Sing,Normal,Status,Null,55,15,Puts opponent to sleep.,Null
Sinister Arrow Raid,Ghost,Physical,180,Null,1,Decidueye-exclusive Z-Move.,Null
Sizzly Slide,Fire,Physical,90,100,15,Burns the opponent.,100
Sketch,Normal,Status,Null,Null,1,Permanently copies the opponent's last move.,Null
Skill Swap,Psychic,Status,Null,Null,10,The user swaps Abilities with the opponent.,Null
Skitter Smack,Bug,Physical,70,90,10,Lowers opponent's Sp. Attack.,Null
Skull Bash,Normal,Physical,130,100,10,"Raises Defense on first turn, attacks on second.",100
Sky Attack,Flying,Physical,140,90,5,"Charges on first turn, attacks on second. May cause flinching. High critical hit ratio.",30
Sky Drop,Flying,Physical,60,100,10,"Takes opponent into the air on first turn, drops them on second turn.",Null
Sky Uppercut,Fighting,Physical,85,90,15,"Hits the opponent, even during Fly.",Null
Slack Off,Normal,Status,Null,Null,5,User recovers half its max HP.,Null
Slam,Normal,Physical,80,75,20,,Null
Slash,Normal,Physical,70,100,20,High critical hit ratio.,Null
Sleep Powder,Grass,Status,Null,75,15,Puts opponent to sleep.,Null
Sleep Talk,Normal,Status,Null,Null,10,User performs one of its own moves while sleeping.,Null
Sludge,Poison,Special,65,100,20,May poison opponent.,30
Sludge Bomb,Poison,Special,90,100,10,May poison opponent.,30
Sludge Wave,Poison,Special,95,100,10,May poison opponent.,10
Smack Down,Rock,Physical,50,100,15,Makes Flying-type Pokémon vulnerable to Ground moves.,100
Smart Strike,Steel,Physical,70,Null,10,The user stabs the target with a sharp horn. This attack never misses.,Null
Smelling Salts,Normal,Physical,70,100,10,"Power doubles if opponent is paralyzed, but cures it.",Null
Smog,Poison,Special,30,70,20,May poison opponent.,40
Smokescreen,Normal,Status,Null,100,20,Lowers opponent's Accuracy.,Null
Snap Trap,Grass,Physical,35,100,15,"Traps opponent, damaging them for 4-5 turns.",100
Snarl,Dark,Special,55,95,15,Lowers opponent's Special Attack.,100
Snatch,Dark,Status,Null,Null,10,Steals the effects of the opponent's next move.,Null
Snipe Shot,Water,Special,80,100,15,Ignores moves and abilities that draw in moves. High critical hit ratio.,Null
Snore,Normal,Special,50,100,15,Can only be used if asleep. May cause flinching.,30
Snowscape,Ice,Status,Null,Null,10,Raises Defense of Ice types for 5 turns.,Null
Soak,Water,Status,Null,100,20,Changes the target's type to water.,Null
Soft-Boiled,Normal,Status,Null,Null,5,User recovers half its max HP.,Null
Solar Beam,Grass,Special,120,100,10,"Charges on first turn, attacks on second.",Null
Solar Blade,Grass,Physical,125,100,10,"Charges on first turn, attacks on second.",Null
Sonic Boom,Normal,Special,Null,90,20,Always inflicts 20 HP.,Null
Soul-Stealing 7-Star Strike,Ghost,Physical,195,Null,1,Marshadow-exclusive Z-Move.,Null
Spacial Rend,Dragon,Special,100,95,5,High critical hit ratio.,Null
Spark,Electric,Physical,65,100,20,May paralyze opponent.,30
Sparkling Aria,Water,Special,90,100,10,Heals the burns of its target.,Null
Sparkly Swirl,Fairy,Special,90,100,15,Cures all status problems in the party Pokémon.,Null
Spectral Thief,Ghost,Physical,90,100,10,"The user hides in the target's shadow, steals the target's stat boosts, and then attacks.",Null
Speed Swap,Psychic,Status,Null,Null,10,The user exchanges Speed stats with the target.,Null
Spicy Extract,Grass,Status,Null,Infinite,15,Harshly lowers the opponent's Defense and sharply raises their Attack.,Null
Spider Web,Bug,Status,Null,Null,10,Opponent cannot escape/switch.,Null
Spike Cannon,Normal,Physical,20,100,15,Hits 2-5 times in one turn.,Null
Spikes,Ground,Status,Null,Null,20,Damages opponents switching into battle.,Null
Spiky Shield,Grass,Status,Null,Null,10,Protects the user and inflicts damage on contact.,Null
Spin Out,Steel,Physical,100,100,5,Harshly lowers user’s Speed.,Null
Spirit Break,Fairy,Physical,75,100,15,Lowers opponent's Special Attack.,100
Spirit Shackle,Ghost,Physical,80,100,10,Prevents the opponent from switching out.,Null
Spit Up,Normal,Special,Null,100,10,Power depends on how many times the user performed Stockpile.,Null
Spite,Ghost,Status,Null,100,10,The opponent's last move loses 2-5 PP.,Null
Splash,Normal,Status,Null,Null,40,Doesn't do ANYTHING.,Null
Splintered Stormshards,Rock,Physical,190,Null,1,Lycanroc-exclusive Z-Move.,Null
Splishy Splash,Water,Special,90,100,15,May paralyze opponent.,30
Spore,Grass,Status,Null,100,15,Puts opponent to sleep.,Null
Spotlight,Normal,Status,Null,Null,15,The user shines a spotlight on the target so that only the target will be attacked during the turn.,Null
Springtide Storm,Fairy,Special,100,80,5,"Boosts user's stats in Incarnate Forme, or lowers opponent's stats in Therian Forme.",Null
Stealth Rock,Rock,Status,Null,Null,20,Damages opponents switching into battle.,Null
Steam Eruption,Water,Special,110,95,5,May burn opponent.,30
Steamroller,Bug,Physical,65,100,20,May cause flinching.,30
Steel Beam,Steel,Special,140,95,5,User loses 50% of its HP.,Null
Steel Roller,Steel,Physical,130,100,5,Fails if no Terrain in effect.,Null
Steel Wing,Steel,Physical,70,90,25,May raise user's Defense.,10
Sticky Web,Bug,Status,Null,Null,20,Lowers opponent's Speed when switching into battle.,Null
Stockpile,Normal,Status,Null,Null,20,Stores energy for use with Spit Up and Swallow.,Null
Stoked Sparksurfer,Electric,Special,175,Null,1,Alolan Raichu-exclusive Electric type Z-Move.,100
Stomp,Normal,Physical,65,100,20,May cause flinching.,30
Stomping Tantrum,Ground,Physical,75,100,10,"Driven by frustration, the user attacks the target. If the user's previous move has failed, the power of this move doubles.",Null
Stone Axe,Rock,Physical,65,90,15,Sets up Stealth Rock.,Null
Stone Edge,Rock,Physical,100,80,5,High critical hit ratio.,Null
Stored Power,Psychic,Special,20,100,10,Power increases when user's stats have been raised.,Null
Storm Throw,Fighting,Physical,60,100,10,Always results in a critical hit.,100
Strange Steam,Fairy,Special,90,95,10,May confuse opponent.,20
Strength,Normal,Physical,80,100,15,,Null
Strength Sap,Grass,Status,Null,100,10,The user restores its HP by the same amount as the target's Attack stat. It also lowers the target's Attack stat.,100
String Shot,Bug,Status,Null,95,40,Sharply lowers opponent's Speed.,Null
Struggle,Normal,Physical,50,Null,Null,Only usable when all PP are gone. Hurts the user.,Null
Struggle Bug,Bug,Special,50,100,20,Lowers opponent's Special Attack.,100
Stuff Cheeks,Normal,Status,Null,Null,10,"The user eats its held Berry, then sharply raises its Defense stat.",100
Stun Spore,Grass,Status,Null,75,30,Paralyzes opponent.,Null
Submission,Fighting,Physical,80,80,20,User receives recoil damage.,Null
Substitute,Normal,Status,Null,Null,10,Uses HP to creates a decoy that takes hits.,Null
Subzero Slammer,Ice,Null,Null,Null,1,Ice type Z-Move.,Null
Sucker Punch,Dark,Physical,70,100,5,"User attacks first, but only works if opponent is readying an attack.",Null
Sunny Day,Fire,Status,Null,Null,5,Makes it sunny for 5 turns.,Null
Sunsteel Strike,Steel,Physical,100,100,5,Ignores the target's ability.,Null
Super Fang,Normal,Physical,Null,90,10,Always takes off half of the opponent's HP.,Null
Supercell Slam,Electric,Physical,100,95,15,,Null
Superpower,Fighting,Physical,120,100,5,Lowers user's Attack and Defense.,100
Supersonic,Normal,Status,Null,55,20,Confuses opponent.,Null
Supersonic Skystrike,Flying,Null,Null,Null,1,Flying type Z-Move.,Null
Surf,Water,Special,90,100,15,Hits all adjacent Pokémon.,Null
Surging Strikes,Water,Physical,25,100,5,Always results in a critical hit and ignores stat changes.,Null
Swagger,Normal,Status,Null,85,15,"Confuses opponent, but sharply raises its Attack.",Null
Swallow,Normal,Status,Null,Null,10,"The more times the user has performed Stockpile, the more HP is recovered.",Null
Sweet Kiss,Fairy,Status,Null,75,10,Confuses opponent.,Null
Sweet Scent,Normal,Status,Null,100,20,Lowers opponent's Evasiveness.,Null
Swift,Normal,Special,60,Infinite,20,Ignores Accuracy and Evasiveness.,Null
Switcheroo,Dark,Status,Null,100,10,Swaps held items with the opponent.,Null
Swords Dance,Normal,Status,Null,Null,20,Sharply raises user's Attack.,Null
Synchronoise,Psychic,Special,120,100,10,Hits any Pokémon that shares a type with the user.,Null
Synthesis,Grass,Status,Null,Null,5,User recovers HP. Amount varies with the weather.,Null
Syrup Bomb,Grass,Special,60,85,10,Lowers opponent's Speed each turn for 3 turns.,Null
Tachyon Cutter,Steel,Special,50,Infinite,10,Guaranteed to hit twice in a row.,Null
Tackle,Normal,Physical,40,100,35,,Null
Tail Glow,Bug,Status,Null,Null,20,Drastically raises user's Special Attack.,Null
Tail Slap,Normal,Physical,25,85,10,Hits 2-5 times in one turn.,Null
Tail Whip,Normal,Status,Null,100,30,Lowers opponent's Defense.,Null
Tailwind,Flying,Status,Null,Null,15,Doubles Speed for 4 turns.,Null
Take Down,Normal,Physical,90,85,20,User receives recoil damage.,Null
Take Heart,Psychic,Status,Null,Null,10,Heals user's status conditions and raises its stats.,Null
Tar Shot,Rock,Status,Null,100,15,Lowers the opponent's Speed and makes them weaker to Fire-type moves.,100
Taunt,Dark,Status,Null,100,20,Opponent can only use moves that attack.,Null
Tearful Look,Normal,Status,Null,Null,20,The user gets teary eyed to make the target lose its combative spirit. This lowers the target's Attack and Sp. Atk stats.,100
Teatime,Normal,Status,Null,Null,10,Forces all Pokémon on the field to eat their berries.,Null
Techno Blast,Normal,Special,120,100,5,Type depends on the Drive being held.,Null
Tectonic Rage,Ground,Null,Null,Null,1,Ground type Z-Move.,Null
Teeter Dance,Normal,Status,Null,100,20,Confuses all Pokémon.,Null
Telekinesis,Psychic,Status,Null,Null,15,"Ignores opponent's Evasiveness for three turns, add Ground immunity.",Null
Teleport,Psychic,Status,Null,Null,20,Allows user to flee wild battles; also warps player to last PokéCenter.,Null
Temper Flare,Fire,Physical,75,100,10,,Null
Tera Blast,Normal,Special,80,100,10,Changes type when the user has Terastallized.,Null
Tera Starstorm,Normal,Special,120,100,5,,Null
Terrain Pulse,Normal,Special,50,100,10,Type and power change depending on the Terrain in effect.,Null
Thief,Dark,Physical,60,100,25,Also steals opponent's held item.,Null
Thousand Arrows,Ground,Physical,90,100,10,Makes Flying-type Pokémon vulnerable to Ground moves.,Null
Thousand Waves,Ground,Physical,90,100,10,Opponent cannot flee or switch.,Null
Thrash,Normal,Physical,120,100,10,User attacks for 2-3 turns but then becomes confused.,Null
Throat Chop,Dark,Physical,80,100,15,Prevents use of sound moves for two turns.,100
Thunder,Electric,Special,110,70,10,May paralyze opponent.,30
Thunder Cage,Electric,Special,80,90,15,"Deals damage and traps opponent, damaging them for 4-5 turns.",Null
Thunder Fang,Electric,Physical,65,95,15,May cause flinching and/or paralyze opponent.,10
Thunder Punch,Electric,Physical,75,100,15,May paralyze opponent.,10
Thunder Shock,Electric,Special,40,100,30,May paralyze opponent.,10
Thunder Wave,Electric,Status,Null,90,20,Paralyzes opponent.,Null
Thunderbolt,Electric,Special,90,100,15,May paralyze opponent.,10
Thunderclap,Electric,Special,70,100,5,Strikes before a target's move.,Null
Thunderous Kick,Fighting,Physical,90,100,10,Lowers opponent's Defense.,100
Tickle,Normal,Status,Null,100,20,Lowers opponent's Attack and Defense.,Null
Tidy Up,Normal,Status,Null,Null,10,"Removes the effects of entry hazards and Substitute, and boosts user’s Attack and Speed.",Null
Topsy-Turvy,Dark,Status,Null,Null,20,Reverses stat changes of opponent.,Null
Torch Song,Fire,Special,80,100,10,Raises user's Special Attack.,Null
Torment,Dark,Status,Null,100,15,Opponent cannot use the same move in a row.,Null
Toxic,Poison,Status,Null,90,10,Badly poisons opponent.,Null
Toxic Spikes,Poison,Status,Null,Null,20,Poisons opponents switching into battle.,Null
Toxic Thread,Poison,Status,Null,100,20,Poisons opponent and lowers its Speed.,100
Trailblaze,Grass,Physical,50,100,20,Raises user's Speed.,Null
Transform,Normal,Status,Null,Null,10,User takes on the form and attacks of the opponent.,Null
Tri Attack,Normal,Special,80,100,10,"May paralyze, burn or freeze opponent.",20
Trick,Psychic,Status,Null,100,10,Swaps held items with the opponent.,Null
Trick Room,Psychic,Status,Null,Null,5,Slower Pokémon move first in the turn for 5 turns.,Null
Trick-or-Treat,Ghost,Status,Null,100,20,Adds Ghost type to opponent.,Null
Triple Arrows,Fighting,Physical,90,100,10,High critical hit ratio. May lower opponent's Defense or cause them to flinch.,Null
Triple Axel,Ice,Physical,20,90,10,Attacks thrice with more power each time.,Null
Triple Dive,Water,Physical,30,95,10,Hits 3 times in a row.,Null
Triple Kick,Fighting,Physical,10,90,10,Hits thrice in one turn at increasing power.,Null
Trop Kick,Grass,Physical,70,100,15,Lowers opponent's Attack.,100
Trump Card,Normal,Special,Null,Infinite,5,"The lower the PP, the higher the power.",Null
Twin Beam,Psychic,Special,40,100,10,Hits twice in one turn.,Null
Twineedle,Bug,Physical,25,100,20,Hits twice in one turn. May poison opponent.,20
Twinkle Tackle,Fairy,Null,Null,Null,1,Fairy type Z-Move.,Null
Twister,Dragon,Special,40,100,20,May cause flinching. Hits Pokémon using Fly/Bounce with double power.,20
U-turn,Bug,Physical,70,100,20,User switches out immediately after attacking.,Null
Upper Hand,Fighting,Physical,65,100,15,Strikes before a target's priority move.,Null
Uproar,Normal,Special,90,100,10,User attacks for 3 turns and prevents sleep.,Null
V-create,Fire,Physical,180,95,5,"Lowers user's Defense, Special Defense and Speed.",100
Vacuum Wave,Fighting,Special,40,100,30,User attacks first.,Null
Veevee Volley,Normal,Physical,Null,Infinite,20,Power increases when player's bond is stronger.,Null
Venom Drench,Poison,Status,Null,100,20,Lowers poisoned opponent's Special Attack and Speed.,100
Venoshock,Poison,Special,65,100,10,Inflicts double damage if the target is poisoned.,Null
Victory Dance,Fighting,Status,Null,Null,10,Raises Attack and Defense.,Null
Vine Whip,Grass,Physical,45,100,25,,Null
Vise Grip,Normal,Physical,55,100,30,,Null
Vital Throw,Fighting,Physical,70,Infinite,10,"User attacks last, but ignores Accuracy and Evasiveness.",Null
Volt Switch,Electric,Special,70,100,20,User must switch out after attacking.,Null
Volt Tackle,Electric,Physical,120,100,15,User receives recoil damage. May paralyze opponent.,10
Wake-Up Slap,Fighting,Physical,70,100,10,"Power doubles if opponent is asleep, but wakes it up.",Null
Water Gun,Water,Special,40,100,25,,Null
Water Pledge,Water,Special,80,100,10,Added effects appear if preceded by Fire Pledge or succeeded by Grass Pledge.,Null
Water Pulse,Water,Special,60,100,20,May confuse opponent.,20
Water Shuriken,Water,Special,15,100,20,Hits 2-5 times in one turn.,Null
Water Sport,Water,Status,Null,Null,15,Weakens the power of Fire-type moves.,Null
Water Spout,Water,Special,150,100,5,"The higher the user's HP, the higher the damage caused.",Null
Waterfall,Water,Physical,80,100,15,May cause flinching.,20
Wave Crash,Water,Physical,120,100,10,User receives recoil damage.,Null
Weather Ball,Normal,Special,50,100,10,Move's power and type changes with the weather.,Null
Whirlpool,Water,Special,35,85,15,"Traps opponent, damaging them for 4-5 turns.",100
Whirlwind,Normal,Status,Null,Null,20,"In battles, the opponent switches. In the wild, the Pokémon runs.",Null
Wicked Blow,Dark,Physical,75,100,5,Always results in a critical hit and ignores stat changes.,Null
Wicked Torque,Dark,Physical,80,100,10,May put opponent to sleep.,Null
Wide Guard,Rock,Status,Null,Null,10,Protects the user's team from multi-target attacks.,Null
Wild Charge,Electric,Physical,90,100,15,User receives recoil damage.,Null
Wildbolt Storm,Electric,Special,100,80,10,May paralyze target.,Null
Will-O-Wisp,Fire,Status,Null,85,15,Burns opponent.,Null
Wing Attack,Flying,Physical,60,100,35,,Null
Wish,Normal,Status,Null,Null,10,The user recovers HP in the following turn.,Null
Withdraw,Water,Status,Null,Null,40,Raises user's Defense.,Null
Wonder Room,Psychic,Status,Null,Null,10,Swaps every Pokémon's Defense and Special Defense for 5 turns.,Null
Wood Hammer,Grass,Physical,120,100,15,User receives recoil damage.,Null
Work Up,Normal,Status,Null,Null,30,Raises user's Attack and Special Attack.,Null
Worry Seed,Grass,Status,Null,100,10,Changes the opponent's Ability to Insomnia.,Null
Wrap,Normal,Physical,15,90,20,"Traps opponent, damaging them for 4-5 turns.",100
Wring Out,Normal,Special,Null,100,5,"The higher the opponent's HP, the higher the damage.",Null
X-Scissor,Bug,Physical,80,100,15,,Null
Yawn,Normal,Status,Null,Null,10,Puts opponent to sleep in the next turn.,Null
Zap Cannon,Electric,Special,120,50,5,Paralyzes opponent.,100
Zen Headbutt,Psychic,Physical,80,90,15,May cause flinching.,20
Zing Zap,Electric,Physical,80,100,10,May cause flinching.,30
Zippy Zap,Electric,Physical,50,100,15,Always results in a critical hit.,100
